<?xml version="1.0" ?>
<LOG_ROOT>
	<PROJECT NAME="_Top">
		<CBX_INST_ENTRY INSTANCE_NAME="|_Top|Conv2Wrapper2:conv2Wrapper2|DataProcessBranch:dataProcessBranch|M10K:maxrelu_result_in_mem|altsyncram:mem_rtl_0" CBX_FILE_NAME="altsyncram_ngk1.tdf"/>
		<CBX_INST_ENTRY INSTANCE_NAME="|_Top|mlp_weight:mlp_weight_m10k|altsyncram:altsyncram_component" CBX_FILE_NAME="altsyncram_oit1.tdf"/>
		<CBX_INST_ENTRY INSTANCE_NAME="|_Top|Conv2Wrapper0:conv2Wrapper0|conv_2_weight_1:conv_2_weight_1_inst|altsyncram:altsyncram_component" CBX_FILE_NAME="altsyncram_oit1.tdf"/>
		<CBX_INST_ENTRY INSTANCE_NAME="|_Top|Conv2Wrapper1:conv2Wrapper1|DataProcessBranch:dataProcessBranch|M10K:conv_2_result_mem|altsyncram:mem_rtl_0" CBX_FILE_NAME="altsyncram_jjk1.tdf"/>
		<CBX_INST_ENTRY INSTANCE_NAME="|_Top|mem_input:mem_input_inst|altsyncram:altsyncram_component" CBX_FILE_NAME="altsyncram_oit1.tdf"/>
		<CBX_INST_ENTRY INSTANCE_NAME="|_Top|Conv2Wrapper0:conv2Wrapper0|DataProcessBranch:dataProcessBranch|M10K:merger_result_mem|altsyncram:mem_rtl_0" CBX_FILE_NAME="altsyncram_fjk1.tdf"/>
		<CBX_INST_ENTRY INSTANCE_NAME="|_Top|Conv2Wrapper1:conv2Wrapper1|DataProcessBranch:dataProcessBranch|M10K:maxrelu_result_in_mem|altsyncram:mem_rtl_0" CBX_FILE_NAME="altsyncram_ngk1.tdf"/>
		<CBX_INST_ENTRY INSTANCE_NAME="|_Top|Conv2Wrapper2:conv2Wrapper2|DataProcessBranch:dataProcessBranch|M10K:merger_result_mem|altsyncram:mem_rtl_0" CBX_FILE_NAME="altsyncram_fjk1.tdf"/>
		<CBX_INST_ENTRY INSTANCE_NAME="|_Top|ConvL1Wrapper0:convL1Wrapper0|DataProcessBranch:dataProcessBranch|M10K:maxrelu_result_in_mem|altsyncram:mem_rtl_0" CBX_FILE_NAME="altsyncram_1kk1.tdf"/>
		<CBX_INST_ENTRY INSTANCE_NAME="|_Top|Conv2Wrapper0:conv2Wrapper0|DataProcessBranch:dataProcessBranch|M10K:conv_2_result_mem|altsyncram:mem_rtl_0" CBX_FILE_NAME="altsyncram_jjk1.tdf"/>
		<CBX_INST_ENTRY INSTANCE_NAME="|_Top|Conv2Wrapper0:conv2Wrapper0|conv_2_weight_0:conv_2_weight_0_inst|altsyncram:altsyncram_component" CBX_FILE_NAME="altsyncram_oit1.tdf"/>
		<CBX_INST_ENTRY INSTANCE_NAME="|_Top|Conv2Wrapper1:conv2Wrapper1|conv_2_weight_3:conv_2_weight_3_inst|altsyncram:altsyncram_component" CBX_FILE_NAME="altsyncram_oit1.tdf"/>
		<CBX_INST_ENTRY INSTANCE_NAME="|_Top|Conv2Wrapper2:conv2Wrapper2|DataProcessBranch:dataProcessBranch|M10K:conv_2_result_mem|altsyncram:mem_rtl_0" CBX_FILE_NAME="altsyncram_jjk1.tdf"/>
		<CBX_INST_ENTRY INSTANCE_NAME="|_Top|Conv2Wrapper2:conv2Wrapper2|conv_2_weight_4:conv_2_weight_4_inst|altsyncram:altsyncram_component" CBX_FILE_NAME="altsyncram_oit1.tdf"/>
		<CBX_INST_ENTRY INSTANCE_NAME="|_Top|ConvL1Wrapper0:convL1Wrapper0|conv_1_weight_0:conv_1_weight_0_inst|altsyncram:altsyncram_component" CBX_FILE_NAME="altsyncram_oit1.tdf"/>
		<CBX_INST_ENTRY INSTANCE_NAME="|_Top|ConvL1Wrapper1:convL1Wrapper1|DataProcessBranch:dataProcessBranch|M10K:conv_2_result_mem|altsyncram:mem_rtl_0" CBX_FILE_NAME="altsyncram_5nk1.tdf"/>
		<CBX_INST_ENTRY INSTANCE_NAME="|_Top|ConvL1Wrapper1:convL1Wrapper1|conv_1_weight_1:conv_1_weight_1_inst|altsyncram:altsyncram_component" CBX_FILE_NAME="altsyncram_oit1.tdf"/>
		<CBX_INST_ENTRY INSTANCE_NAME="|_Top|Conv2Wrapper0:conv2Wrapper0|DataProcessBranch:dataProcessBranch|M10K:maxrelu_result_in_mem|altsyncram:mem_rtl_0" CBX_FILE_NAME="altsyncram_ngk1.tdf"/>
		<CBX_INST_ENTRY INSTANCE_NAME="|_Top|Conv2Wrapper1:conv2Wrapper1|DataProcessBranch:dataProcessBranch|M10K:merger_result_mem|altsyncram:mem_rtl_0" CBX_FILE_NAME="altsyncram_fjk1.tdf"/>
		<CBX_INST_ENTRY INSTANCE_NAME="|_Top|ConvL1Wrapper1:convL1Wrapper1|DataProcessBranch:dataProcessBranch|M10K:maxrelu_result_in_mem|altsyncram:mem_rtl_0" CBX_FILE_NAME="altsyncram_1kk1.tdf"/>
		<CBX_INST_ENTRY INSTANCE_NAME="|_Top|Conv2Wrapper1:conv2Wrapper1|conv_2_weight_2:conv_2_weight_2_inst|altsyncram:altsyncram_component" CBX_FILE_NAME="altsyncram_oit1.tdf"/>
		<CBX_INST_ENTRY INSTANCE_NAME="|_Top|Conv2Wrapper2:conv2Wrapper2|conv_2_weight_5:conv_2_weight_5_inst|altsyncram:altsyncram_component" CBX_FILE_NAME="altsyncram_oit1.tdf"/>
		<CBX_INST_ENTRY INSTANCE_NAME="|_Top|ConvL1Wrapper0:convL1Wrapper0|DataProcessBranch:dataProcessBranch|M10K:conv_2_result_mem|altsyncram:mem_rtl_0" CBX_FILE_NAME="altsyncram_5nk1.tdf"/>
	</PROJECT>
</LOG_ROOT>
